id,Country,MODIS Fires,MODIS Fires per 1000km2,Year
1,Zimbabwe,18448,47.4248955797247,2016
2,Zambia,216444,287.527536643502,2016
3,Yemen,50,0.110481650708284,2016
4,Vietnam,21129,64.447626980635,2016
5,Venezuela,50015,54.9346420891542,2016
7,Vanuatu,1072,95.2582254218189,2016
8,Uzbekistan,2407,5.37253906292739,2016
9,Uruguay,889,5.00936736241057,2016
10,Federated States of Micronesia,2,3.83245950277292,2016
12,Northern Mariana Islands,6,15.3004635270478,2016
14,Guam,16,33.3052181118272,2016
15,American Samoa,2,16.6721329181918,2016
16,Puerto Rico,49,5.49547466903185,2016
17,United States of America,112885,11.9382263951747,2016
23,Falkland Islands,21,1.83727486094997,2016
28,Montserrat,5,62.8828308940751,2016
32,United Kingdom,551,2.28968287679127,2016
33,United Arab Emirates,271,3.81062997659433,2016
34,Ukraine,25742,45.0056278460375,2016
35,Uganda,26313,108.968147132625,2016
36,Turkmenistan,3289,6.98258951216826,2016
37,Turkey,13632,17.4662629936749,2016
38,Tunisia,252,1.60902430058907,2016
39,Trinidad and Tobago,147,28.9269199165476,2016
40,Tonga,3,6.97136990239125,2016
41,Togo,8770,154.126180516677,2016
42,East Timor,163,10.8969592501909,2016
43,Thailand,29971,58.3195687129731,2016
44,Tanzania,98432,104.521971535042,2016
45,Tajikistan,163,1.14469920721274,2016
46,Taiwan,257,7.15568291124592,2016
47,Syria,1554,8.36716613808287,2016
48,Switzerland,74,1.79106210950411,2016
49,Sweden,173,0.388196516907303,2016
50,eSwatini,900,53.0608397395725,2016
51,Suriname,863,5.95440861146401,2016
52,South Sudan,201664,324.569859741786,2016
53,Sudan,32059,17.2669298964554,2016
54,Sri Lanka,1462,22.2311483406102,2016
55,Spain,3191,6.29732219015463,2016
56,South Korea,807,8.30446935726711,2016
57,South Africa,29997,24.5864762879761,2016
58,Somalia,375,0.795253246570976,2016
59,Somaliland,12,0.0715119776573071,2016
60,Solomon Islands,27,1.05333432422274,2016
61,Slovakia,345,7.11515712696621,2016
62,Slovenia,50,2.46979600972194,2016
63,Singapore,2,4.14271085430693,2016
64,Sierra Leone,24246,338.746084476111,2016
66,Republic of Serbia,725,9.33701424804333,2016
67,Senegal,18691,95.0667986021448,2016
68,Saudi Arabia,2882,1.49982029238769,2016
69,São Tomé and Principe,3,3.0566798799775,2016
71,Samoa,14,5.20115109706439,2016
72,Saint Vincent and the Grenadines,1,3.22671733085261,2016
74,Saint Kitts and Nevis,3,12.9213825673466,2016
75,Rwanda,354,14.0072631724634,2016
76,Russia,294317,17.3397449230983,2016
77,Romania,3946,16.6962813259354,2016
78,Qatar,244,22.0780932206188,2016
79,Portugal,4802,52.8583468599014,2016
80,Poland,594,1.89314737443858,2016
81,Philippines,7158,24.7525463941379,2016
82,Peru,19419,15.0415290811975,2016
83,Paraguay,41085,102.725495393348,2016
84,Papua New Guinea,4268,9.23211633899512,2016
85,Panama,2209,29.8776612550092,2016
86,Palau,1,2.94836395093834,2016
87,Pakistan,10910,12.5002432521772,2016
88,Oman,951,3.05596598112857,2016
89,Norway,58,0.149944681356474,2016
90,North Korea,513,4.18338598761024,2016
91,Nigeria,72147,79.4714415842282,2016
92,Niger,1102,0.932948498427997,2016
93,Nicaragua,5462,42.4234164458705,2016
94,New Zealand,628,2.3498688528147,2016
95,Niue,1,5.09201716352725,2016
97,Netherlands,296,7.94043932371164,2016
99,Curaçao,2,4.67270212718275,2016
100,Nepal,7737,52.640873029324,2016
102,Namibia,10144,12.3324195941233,2016
103,Mozambique,133438,169.314930345155,2016
104,Morocco,283,0.486465106702125,2016
105,Western Sahara,2,0.0220768884823666,2016
106,Montenegro,127,9.27704712339454,2016
107,Mongolia,1655,1.05783845456022,2016
108,Moldova,1069,32.1912690928775,2016
110,Mexico,64593,32.9913359413471,2016
111,Mauritius,24,12.8077756075015,2016
112,Mauritania,389,0.375706079960767,2016
114,Mali,33764,26.9224747494719,2016
115,Maldives,35,529.348536680566,2016
116,Malaysia,5499,16.8576342423666,2016
117,Malawi,10055,84.2522539634454,2016
118,Madagascar,76221,128.571707644012,2016
119,Macedonia,493,19.4091074595275,2016
120,Luxembourg,35,13.3554149145559,2016
121,Lithuania,45,0.694265952314797,2016
123,Libya,2061,1.26930063446058,2016
124,Liberia,8947,93.9296737763237,2016
125,Lesotho,69,2.3006851021867,2016
126,Lebanon,103,10.2907328430438,2016
127,Latvia,63,0.975552804577562,2016
128,Laos,42102,184.469278398477,2016
129,Kyrgyzstan,492,2.47325283294227,2016
130,Kuwait,1086,62.7464334367115,2016
131,Kosovo,72,6.58761486085656,2016
133,Kenya,2774,4.68430813489705,2016
134,Kazakhstan,22862,8.4029558654466,2016
135,Jordan,43,0.484330190829399,2016
136,Japan,2317,6.25751758645137,2016
137,Jamaica,121,11.1029256383954,2016
138,Italy,4977,16.5462333735696,2016
139,Israel,164,7.36560181994818,2016
140,Palestine,80,12.6407570821592,2016
141,Ireland,37,0.536376109999952,2016
142,Iraq,53562,122.502237360549,2016
143,Iran,26039,16.0550616892741,2016
144,Indonesia,23645,12.6856652551353,2016
145,India,88447,28.0940224561795,2016
147,Hungary,183,1.96322955208701,2016
148,Honduras,8384,74.1236385880613,2016
149,Haiti,145,5.42584596300375,2016
150,Guyana,2172,10.2927189400168,2016
151,Guinea-Bissau,4992,156.335069540507,2016
152,Guinea,74880,306.961342440476,2016
153,Guatemala,10052,92.9863985099125,2016
155,Greece,1658,12.7269945827977,2016
156,Ghana,44105,184.881247235783,2016
157,Germany,2237,6.25802822971937,2016
158,Georgia,600,8.64390412536077,2016
159,Gambia,760,73.9665939734215,2016
160,Gabon,2355,9.0751464490502,2016
161,France,2595,4.07977802262939,2016
164,Saint Martin,1,20.4724023658166,2016
166,French Polynesia,1,0.383808419711923,2016
167,New Caledonia,228,12.2475840375675,2016
170,Finland,147,0.441957023785048,2016
171,Fiji,372,20.2764266387521,2016
172,Ethiopia,52949,46.9782612071014,2016
173,Estonia,20,0.437656817053319,2016
174,Eritrea,197,1.59840611923965,2016
175,Equatorial Guinea,259,9.76435308071403,2016
176,El Salvador,907,44.6462232758654,2016
177,Egypt,2788,2.78304886444833,2016
178,Ecuador,6005,23.5926230611267,2016
179,Dominican Republic,944,19.4878949175263,2016
180,Dominica,1,1.43806306679823,2016
181,Djibouti,44,2.03525225573966,2016
182,Greenland,31,0.0142768075797295,2016
184,Denmark,56,1.3139778738187,2016
185,Czechia,208,2.64147307909444,2016
186,Northern Cyprus,5,1.44073005380372,2016
187,Cyprus,56,9.81178775487551,2016
188,Cuba,4134,37.9239311471011,2016
189,Croatia,218,3.99701296942032,2016
190,Ivory Coast,31498,98.1448860156859,2016
191,Costa Rica,1660,32.3565540764507,2016
192,Democratic Republic of the Congo,513358,220.851423404087,2016
193,Republic of the Congo,24660,71.4091217492302,2016
194,Comoros,18,11.3948910570766,2016
195,Colombia,30260,26.6734680130922,2016
196,China,97785,10.4325780872317,2016
198,Hong Kong S.A.R.,10,9.74359190719202,2016
199,Chile,7049,9.55563690614776,2016
200,Chad,56785,44.8337367320215,2016
201,Central African Republic,195666,316.44604725922,2016
202,Cabo Verde,2,0.559801418737347,2016
203,Canada,26940,2.71488936773363,2016
204,Cameroon,45102,97.2294059686688,2016
205,Cambodia,36235,200.559244015566,2016
206,Myanmar,51353,77.6927618933464,2016
207,Burundi,993,36.6596026445496,2016
208,Burkina Faso,13509,49.5511490607005,2016
209,Bulgaria,2612,23.1945910352578,2016
210,Brunei,135,23.9056855679909,2016
211,Brazil,336729,39.7689684663995,2016
212,Botswana,6074,10.4880193414175,2016
213,Bosnia and Herzegovina,531,10.2530637880581,2016
214,Bolivia,69429,63.8939555661528,2016
215,Bhutan,264,6.63128484753522,2016
216,Benin,13615,117.264430855669,2016
217,Belize,1264,55.6705736009845,2016
218,Belgium,613,19.9412791769112,2016
219,Belarus,822,3.96029637053528,2016
220,Barbados,9,23.2055379222906,2016
221,Bangladesh,1826,13.4918647528681,2016
222,Bahrain,1,1.85036370844096,2016
223,The Bahamas,266,21.0452634684952,2016
224,Azerbaijan,1655,19.1328126010692,2016
225,Austria,467,5.54969290067122,2016
226,Australia,158966,20.6683312052812,2016
228,Heard Island and McDonald Islands,6,14.2762362993549,2016
231,Armenia,343,11.591407373172,2016
232,Argentina,55912,20.0943647746675,2016
233,Antigua and Barbuda,3,6.95401289528736,2016
234,Angola,351725,282.584749843677,2016
235,Andorra,1,2.25961079422972,2016
236,Algeria,10122,4.36426032551361,2016
237,Albania,211,7.43676174983713,2016
238,Afghanistan,201,0.313165511744162,2016
1,Zimbabwe,20855,53.6126516324349,2017
2,Zambia,202193,268.59628918593,2017
3,Yemen,58,0.128158714821609,2017
4,Vietnam,11865,36.1905955854623,2017
5,Venezuela,43150,47.3943778095972,2017
7,Vanuatu,657,58.3812071848274,2017
8,Uzbekistan,2790,6.22741337165244,2017
9,Uruguay,787,4.43461430170654,2017
12,Northern Mariana Islands,6,15.3004635270478,2017
14,Guam,3,6.24472839596759,2017
15,American Samoa,1,8.3360664590959,2017
16,Puerto Rico,50,5.60762721329781,2017
17,United States of America,153536,16.2372992674806,2017
19,British Indian Ocean Territory,2,15.169375052043,2017
20,Saint Helena,1,5.4016153753505,2017
23,Falkland Islands,14,1.22484990729998,2017
28,Montserrat,4,50.3062647152601,2017
32,United Kingdom,590,2.4517475450215,2017
33,United Arab Emirates,403,5.666730186596,2017
34,Ukraine,34277,59.9276631838485,2017
35,Uganda,20917,86.6220778160268,2017
36,Turkmenistan,2318,4.92114396144908,2017
37,Turkey,9732,12.469312753407,2017
38,Tunisia,619,3.95232556374855,2017
39,Trinidad and Tobago,108,21.2524309590962,2017
41,Togo,10151,178.396221029052,2017
42,East Timor,578,38.6407512061985,2017
43,Thailand,18626,36.2437118163504,2017
44,Tanzania,72458,76.9409644575552,2017
45,Tajikistan,118,0.828677953687754,2017
46,Taiwan,374,10.4133284389338,2017
47,Syria,2274,12.2438454298587,2017
48,Switzerland,73,1.76685856748378,2017
49,Sweden,191,0.428586905949681,2017
50,eSwatini,1176,69.3328305930414,2017
51,Suriname,426,2.93925616278525,2017
52,South Sudan,177670,285.952510018264,2017
53,Sudan,33094,17.8243793628402,2017
54,Sri Lanka,712,10.8266604777801,2017
55,Spain,5178,10.2185942653152,2017
56,South Korea,781,8.03691520201439,2017
57,South Africa,44022,36.0818034853247,2017
58,Somalia,245,0.519565454426371,2017
59,Somaliland,8,0.0476746517715381,2017
60,Solomon Islands,8,0.312099059028959,2017
61,Slovakia,301,6.20771679772994,2017
62,Slovenia,91,4.49502873769393,2017
63,Singapore,3,6.2140662814604,2017
64,Sierra Leone,25239,352.619501199891,2017
66,Republic of Serbia,1845,23.7610914312275,2017
67,Senegal,19518,99.2731140718347,2017
68,Saudi Arabia,2622,1.3645138121584,2017
69,São Tomé and Principe,4,4.07557317330333,2017
71,Samoa,26,9.65928060883386,2017
74,Saint Kitts and Nevis,4,17.2285100897955,2017
75,Rwanda,225,8.90292150792163,2017
76,Russia,228924,13.4871032484544,2017
77,Romania,4859,20.559359088373,2017
78,Qatar,250,22.6209971522733,2017
79,Portugal,6678,73.5085465077929,2017
80,Poland,470,1.49794489223255,2017
81,Philippines,3312,11.4529803935994,2017
82,Peru,11708,9.06875856031002,2017
83,Paraguay,46367,115.93216611667,2017
84,Papua New Guinea,5513,11.9251774547517,2017
85,Panama,1395,18.8679662520316,2017
87,Pakistan,12281,14.0710804197973,2017
88,Oman,1209,3.88502930723916,2017
89,Norway,84,0.217161262654204,2017
90,North Korea,945,7.7062373455978,2017
91,Nigeria,71714,78.994482955235,2017
92,Niger,967,0.818658074391899,2017
93,Nicaragua,3262,25.335991293744,2017
94,New Zealand,524,1.96071859693456,2017
97,Netherlands,237,6.35771662067453,2017
98,Aruba,2,12.9310596538621,2017
99,Curaçao,3,7.00905319077413,2017
100,Nepal,2222,15.1180069627967,2017
102,Namibia,12705,15.4459178769062,2017
103,Mozambique,132887,168.615785224423,2017
104,Morocco,291,0.500216770495825,2017
105,Western Sahara,5,0.0551922212059165,2017
106,Montenegro,1373,100.294375593864,2017
107,Mongolia,3868,2.47233785029543,2017
108,Moldova,743,22.3742871244228,2017
110,Mexico,83327,42.5598602013319,2017
111,Mauritius,31,16.5433768263561,2017
112,Mauritania,266,0.256909555962889,2017
113,Malta,3,10.9562556286613,2017
114,Mali,33669,26.8467243910665,2017
115,Maldives,27,408.354585439294,2017
116,Malaysia,2053,6.29363940708831,2017
117,Malawi,7832,65.6254254641178,2017
118,Madagascar,58608,98.8616082392024,2017
119,Macedonia,844,33.2277620605299,2017
120,Luxembourg,64,24.4213301294736,2017
121,Lithuania,24,0.370275174567892,2017
123,Libya,2647,1.63019834032856,2017
124,Liberia,7469,78.4129577998616,2017
125,Lesotho,307,10.2363815416133,2017
126,Lebanon,41,4.09631113169705,2017
127,Latvia,30,0.464548954560744,2017
128,Laos,27354,119.851138694407,2017
129,Kyrgyzstan,400,2.01077466092868,2017
130,Kuwait,850,49.1109285646453,2017
131,Kosovo,189,17.2924890097485,2017
133,Kenya,1927,3.25402371158854,2017
134,Kazakhstan,72734,26.7334700340037,2017
135,Jordan,49,0.551911147689315,2017
136,Japan,2330,6.29262666224933,2017
137,Jamaica,185,16.9755474636623,2017
138,Italy,8608,28.6176365038552,2017
139,Israel,108,4.85051827167319,2017
140,Palestine,29,4.5822744422827,2017
141,Ireland,161,2.33396091108087,2017
142,Iraq,48539,111.014078997119,2017
143,Iran,31104,19.1780267592144,2017
144,Indonesia,17689,9.49024033402787,2017
145,India,82181,26.1037102385755,2017
146,Iceland,4,0.039285276220767,2017
147,Hungary,328,3.51879395128164,2017
148,Honduras,5571,49.2536725398484,2017
149,Haiti,203,7.59618434820525,2017
150,Guyana,1470,6.96606668592297,2017
151,Guinea-Bissau,3773,118.159498673144,2017
152,Guinea,77641,318.279722067588,2017
153,Guatemala,9218,85.2714506033001,2017
155,Greece,1501,11.5218449148247,2017
156,Ghana,53699,225.097791527362,2017
157,Germany,2033,5.68733633930241,2017
158,Georgia,911,13.1243277636728,2017
159,Gambia,1002,97.519114686011,2017
160,Gabon,2050,7.89980901085049,2017
161,France,3341,5.25261594358566,2017
166,French Polynesia,2,0.767616839423847,2017
167,New Caledonia,445,23.9042758627962,2017
170,Finland,119,0.357774733540277,2017
171,Fiji,485,26.4356637628892,2017
172,Ethiopia,52962,46.9897952756521,2017
173,Estonia,11,0.240711249379325,2017
174,Eritrea,179,1.45235885961369,2017
175,Equatorial Guinea,83,3.12911701042187,2017
176,El Salvador,1667,82.0565095930183,2017
177,Egypt,1647,1.64407513620746,2017
178,Ecuador,3276,12.8708464859702,2017
179,Dominican Republic,1002,20.6852443933912,2017
180,Dominica,3,4.31418920039469,2017
181,Djibouti,35,1.61895065797473,2017
182,Greenland,143,0.0658575317387522,2017
184,Denmark,44,1.03241118657183,2017
185,Czechia,199,2.52717857086439,2017
186,Northern Cyprus,12,3.45775212912893,2017
187,Cyprus,28,4.90589387743775,2017
188,Cuba,6727,61.7112445153723,2017
189,Croatia,1416,25.962249379354,2017
190,Ivory Coast,25830,80.4839166228067,2017
191,Costa Rica,1051,20.4859869484034,2017
192,Democratic Republic of the Congo,458603,197.295309174854,2017
193,Republic of the Congo,19126,55.3840576875822,2017
194,Comoros,19,12.0279405602475,2017
195,Colombia,22005,19.3968824728385,2017
196,China,114283,12.1927322344234,2017
198,Hong Kong S.A.R.,12,11.6923102886304,2017
199,Chile,16518,22.391830105795,2017
200,Chad,45975,36.2988649512141,2017
201,Central African Republic,164247,265.632833114517,2017
202,Cabo Verde,13,3.63870922179276,2017
203,Canada,95556,9.62969444777857,2017
204,Cameroon,44229,95.3474213247362,2017
205,Cambodia,22395,123.955409679277,2017
206,Myanmar,47231,71.4565232213239,2017
207,Burundi,451,16.6500310097602,2017
208,Burkina Faso,13265,48.6561545851056,2017
209,Bulgaria,2960,26.2848351701237,2017
210,Brunei,36,6.37484948479758,2017
211,Brazil,392719,46.3815992301107,2017
212,Botswana,15181,26.2131415248699,2017
213,Bosnia and Herzegovina,2105,40.6453846965392,2017
214,Bolivia,57948,53.3282480972997,2017
215,Bhutan,271,6.80711437000774,2017
216,Benin,14316,123.302063322054,2017
217,Belize,1433,63.1138702295971,2017
218,Belgium,532,17.3062977522296,2017
219,Belarus,1223,5.8922657678402,2017
220,Barbados,7,18.0487517173371,2017
221,Bangladesh,1456,10.7580257832289,2017
222,Bahrain,2,3.70072741688192,2017
223,The Bahamas,514,40.6664113639344,2017
224,Azerbaijan,1784,20.6241315288867,2017
225,Austria,575,6.83313365714336,2017
226,Australia,273449,35.5531025486767,2017
228,Heard Island and McDonald Islands,1,2.37937271655915,2017
231,Armenia,405,13.686647189897,2017
232,Argentina,60340,21.6857556607425,2017
233,Antigua and Barbuda,2,4.63600859685824,2017
234,Angola,333364,267.833058630713,2017
235,Andorra,2,4.51922158845943,2017
236,Algeria,10551,4.54923045786348,2017
237,Albania,1709,60.2342456420457,2017
238,Afghanistan,243,0.378603081362345,2017
1,Zimbabwe,25532,65.6359732188601,2018
2,Zambia,198586,263.804694941354,2018
3,Yemen,107,0.236430732515727,2018
4,Vietnam,13332,40.6652355959026,2018
5,Venezuela,63585,69.8394325150229,2018
7,Vanuatu,790,70.1996250776464,2018
8,Uzbekistan,2588,5.77653971535359,2018
9,Uruguay,931,5.24603038740635,2018
12,Northern Mariana Islands,5,12.7503862725399,2018
13,United States Virgin Islands,1,3.17686991084747,2018
14,Guam,8,16.6526090559136,2018
15,American Samoa,2,16.6721329181918,2018
16,Puerto Rico,56,6.28054247889354,2018
17,United States of America,131080,13.8624504219294,2018
20,Saint Helena,1,5.4016153753505,2018
27,Turks and Caicos Islands,4,12.1444214453192,2018
28,Montserrat,1,12.576566178815,2018
31,Isle of Man,1,1.78652804139412,2018
32,United Kingdom,900,3.73995388223619,2018
33,United Arab Emirates,165,2.32012526250208,2018
34,Ukraine,18821,32.9054044631447,2018
35,Uganda,19893,82.3814597692892,2018
36,Turkmenistan,2925,6.20981280726426,2018
37,Turkey,8119,10.4026253848039,2018
38,Tunisia,92,0.587421570056327,2018
39,Trinidad and Tobago,74,14.5618508423437,2018
40,Tonga,1,2.32378996746375,2018
41,Togo,9073,159.45117854365,2018
42,East Timor,754,50.4067930959752,2018
43,Thailand,18117,35.2532657026103,2018
44,Tanzania,69955,74.2831042621694,2018
45,Tajikistan,83,0.582883645390539,2018
46,Taiwan,379,10.5525440597751,2018
47,Syria,529,2.84828242409642,2018
48,Switzerland,78,1.88787627758541,2018
49,Sweden,1100,2.46830155258979,2018
50,eSwatini,1174,69.2149176158423,2018
51,Suriname,572,3.94660686646282,2018
52,South Sudan,208759,335.988968531,2018
53,Sudan,32364,17.4312024445205,2018
54,Sri Lanka,944,14.3544487233488,2018
55,Spain,1676,3.30752491090541,2018
56,South Korea,938,9.65253067796351,2018
57,South Africa,43061,35.2941379283442,2018
58,Somalia,182,0.385962909002447,2018
59,Somaliland,7,0.0417153203000958,2018
60,Solomon Islands,15,0.585185735679298,2018
61,Slovakia,368,7.58950093543062,2018
62,Slovenia,35,1.72885720680536,2018
63,Singapore,1,2.07135542715347,2018
64,Sierra Leone,19944,278.64191655496,2018
66,Republic of Serbia,3929,50.6001779042238,2018
67,Senegal,15080,76.7004078390853,2018
68,Saudi Arabia,2471,1.28593197171755,2018
69,São Tomé and Principe,4,4.07557317330333,2018
71,Samoa,13,4.82964030441693,2018
72,Saint Vincent and the Grenadines,1,3.22671733085261,2018
74,Saint Kitts and Nevis,6,25.8427651346932,2018
75,Rwanda,128,5.06477312450653,2018
76,Russia,268003,15.7894503498783,2018
77,Romania,3560,15.0630414395159,2018
78,Qatar,225,20.358897437046,2018
79,Portugal,1308,14.3979003941589,2018
80,Poland,682,2.17361365213319,2018
81,Philippines,4663,16.1247728186455,2018
82,Peru,13628,10.5559482114712,2018
83,Paraguay,30310,75.7845872063376,2018
84,Papua New Guinea,7933,17.159882595419,2018
85,Panama,1108,14.9861696109326,2018
87,Pakistan,12972,14.8628006844402,2018
88,Oman,1384,4.44737846254673,2018
89,Norway,140,0.361935437757006,2018
90,North Korea,689,5.61862172604962,2018
91,Nigeria,68369,75.3098949321815,2018
92,Niger,1254,1.06163104993531,2018
93,Nicaragua,5086,39.5030201471434,2018
94,New Zealand,455,1.70253236947562,2018
97,Netherlands,358,9.60363945232692,2018
98,Aruba,2,12.9310596538621,2018
100,Nepal,2991,20.3501164832245,2018
102,Namibia,9636,11.7148260261211,2018
103,Mozambique,148298,188.170277884304,2018
104,Morocco,278,0.477870316831063,2018
105,Western Sahara,2,0.0220768884823666,2018
106,Montenegro,122,8.91180904767035,2018
107,Mongolia,660,0.421857027196222,2018
108,Moldova,483,14.5447923029559,2018
110,Mexico,61626,31.4759195070899,2018
111,Mauritius,30,16.0097195093769,2018
112,Mauritania,132,0.127488952583088,2018
113,Malta,2,7.3041704191075,2018
114,Mali,25427,20.274782770253,2018
115,Maldives,25,378.106097628976,2018
116,Malaysia,3260,9.99379662304329,2018
117,Malawi,8360,70.0496114504628,2018
118,Madagascar,63219,106.639571581937,2018
119,Macedonia,545,21.4563155485649,2018
120,Luxembourg,81,30.908245945115,2018
121,Lithuania,69,1.06454112688269,2018
123,Libya,4012,2.47085596577189,2018
124,Liberia,5523,57.9829650460083,2018
125,Lesotho,187,6.23519005954947,2018
126,Lebanon,38,3.79658104888995,2018
127,Latvia,143,2.21435001673954,2018
128,Laos,28101,123.124107934911,2018
129,Kyrgyzstan,454,2.28222924015405,2018
130,Kuwait,613,35.4176461295618,2018
131,Kosovo,166,15.1881120403082,2018
133,Kenya,1885,3.18310051704432,2018
134,Kazakhstan,30858,11.3418953764304,2018
135,Jordan,42,0.473066698019413,2018
136,Japan,2924,7.89684135640216,2018
137,Jamaica,198,18.1684237719197,2018
138,Italy,3597,11.9583687853586,2018
139,Israel,108,4.85051827167319,2018
140,Palestine,23,3.63421766112076,2018
141,Ireland,121,1.75409484621606,2018
142,Iraq,40341,92.2643433285145,2018
143,Iran,27586,17.0089070916823,2018
144,Indonesia,37735,20.2450234046323,2018
145,India,90794,28.8395160365684,2018
146,Iceland,1,0.00982131905519174,2018
147,Hungary,295,3.16476895008562,2018
148,Honduras,8159,72.1343949475181,2018
149,Haiti,286,10.7020134166833,2018
150,Guyana,1501,7.11297013304107,2018
151,Guinea-Bissau,4291,134.381767507675,2018
152,Guinea,64131,262.897140118191,2018
153,Guatemala,6703,62.0063499017055,2018
155,Greece,826,6.34046895379427,2018
156,Ghana,48782,204.486498189683,2018
157,Germany,3127,8.74781147712672,2018
158,Georgia,424,6.10835891525494,2018
159,Gambia,914,88.9545616996149,2018
160,Gabon,2214,8.53179373171853,2018
161,France,2454,3.85810222255588,2018
166,French Polynesia,3,1.15142525913577,2018
167,New Caledonia,217,11.6566918252287,2018
170,Finland,268,0.805744778057094,2018
171,Fiji,475,25.8905985306646,2018
172,Ethiopia,53514,47.4795495710367,2018
173,Estonia,60,1.31297045115996,2018
174,Eritrea,231,1.87427316519979,2018
175,Equatorial Guinea,183,6.89913750490605,2018
176,El Salvador,1391,68.4706687725786,2018
177,Egypt,1322,1.3196522951222,2018
178,Ecuador,5284,20.759936761864,2018
179,Dominican Republic,1361,28.0964247698657,2018
181,Djibouti,19,0.878858928614852,2018
182,Greenland,13,0.00598704833988656,2018
184,Denmark,74,1.73632790468899,2018
185,Czechia,206,2.61607429948776,2018
186,Northern Cyprus,2,0.576292021521488,2018
187,Cyprus,37,6.48278833804275,2018
188,Cuba,3739,34.3003334685561,2018
189,Croatia,220,4.03368281317647,2018
190,Ivory Coast,24140,75.2180312533703,2018
191,Costa Rica,1118,21.7919442514891,2018
192,Democratic Republic of the Congo,460726,198.208643674144,2018
193,Republic of the Congo,23232,67.2739949910023,2018
194,Comoros,47,29.7533266490333,2018
195,Colombia,31825,28.0529781730555,2018
196,China,78714,8.39791329506932,2018
198,Hong Kong S.A.R.,10,9.74359190719202,2018
199,Chile,7194,9.75219916340289,2018
200,Chad,51189,40.4154996843436,2018
201,Central African Republic,188739,305.243172107867,2018
202,Cabo Verde,7,1.95930496558072,2018
203,Canada,63937,6.44327696751244,2018
204,Cameroon,42758,92.1762879785451,2018
205,Cambodia,28802,159.417892814581,2018
206,Myanmar,42370,64.1022398189217,2018
207,Burundi,368,13.5858346155028,2018
208,Burkina Faso,9953,36.5077049819492,2018
209,Bulgaria,2358,20.939068017281,2018
210,Brunei,19,3.36450389475428,2018
211,Brazil,233718,27.6029797612619,2018
212,Botswana,10390,17.940487480627,2018
213,Bosnia and Herzegovina,250,4.82724283806879,2018
214,Bolivia,50717,46.6737205555109,2018
215,Bhutan,165,4.14455302970951,2018
216,Benin,12324,106.145196170787,2018
217,Belize,896,39.4626850842422,2018
218,Belgium,704,22.9015669503189,2018
219,Belarus,1307,6.29696758672701,2018
220,Barbados,20,51.5678620495347,2018
221,Bangladesh,2295,16.9571903657351,2018
222,Bahrain,17,31.4561830434963,2018
223,The Bahamas,143,11.3138070526121,2018
224,Azerbaijan,1274,14.728219488678,2018
225,Austria,434,5.15753044730473,2018
226,Australia,306831,39.8933402869019,2018
231,Armenia,471,15.9170637689913,2018
232,Argentina,56604,20.3430645247045,2018
233,Antigua and Barbuda,5,11.5900214921456,2018
234,Angola,300130,241.132023514344,2018
235,Andorra,2,4.51922158845943,2018
236,Algeria,6827,2.94356898263994,2018
237,Albania,203,7.15479921903762,2018
238,Afghanistan,114,0.177616260392211,2018
241,Sint Maarten,1,23.9771852400351,2018
1,Zimbabwe,10151,26.095517943939,2019
2,Zambia,135020,179.362643444057,2019
3,Yemen,66,0.145835778934935,2019
4,Vietnam,15298,46.6619242533841,2019
5,Venezuela,62321,68.4511012623849,2019
7,Vanuatu,193,17.1500349873237,2019
8,Uzbekistan,2440,5.44619664044156,2019
9,Uruguay,525,2.95828781244719,2019
12,Northern Mariana Islands,9,22.9506952905717,2019
14,Guam,18,37.4683703758056,2019
16,Puerto Rico,89,9.98157643967009,2019
17,United States of America,77225,8.16697996516251,2019
20,Saint Helena,1,5.4016153753505,2019
28,Montserrat,1,12.576566178815,2019
29,Jersey,1,7.89024061810222,2019
32,United Kingdom,742,3.08338420068806,2019
33,United Arab Emirates,145,2.03889795795638,2019
34,Ukraine,18597,32.5137775251635,2019
35,Uganda,10309,42.691925238104,2019
36,Turkmenistan,2396,5.08673896964279,2019
37,Turkey,3404,4.36144067124921,2019
38,Tunisia,191,1.21953825957346,2019
39,Trinidad and Tobago,149,29.3204834528272,2019
41,Togo,4515,79.3477428771716,2019
42,East Timor,105,7.0195136274236,2019
43,Thailand,29714,57.8194809895326,2019
44,Tanzania,51727,54.9273409215816,2019
45,Tajikistan,82,0.575860950867761,2019
46,Taiwan,197,5.4850954611496,2019
47,Syria,3276,17.6388907775801,2019
48,Switzerland,38,0.919734596772381,2019
49,Sweden,212,0.475709026499123,2019
50,eSwatini,1788,105.414201615951,2019
51,Suriname,272,1.87670816027602,2019
52,South Sudan,61558,99.0750526915309,2019
53,Sudan,9662,5.20393888329492,2019
54,Sri Lanka,770,11.7086075391723,2019
55,Spain,2556,5.04417283548581,2019
56,South Korea,719,7.39890144718098,2019
57,South Africa,26226,21.4956471356623,2019
58,Somalia,289,0.612875168690699,2019
59,Somaliland,8,0.0476746517715381,2019
60,Solomon Islands,7,0.273086676650339,2019
61,Slovakia,212,4.37221249541112,2019
62,Slovenia,58,2.86496337127745,2019
64,Sierra Leone,23617,329.958190096193,2019
66,Republic of Serbia,876,11.2816889397048,2019
67,Senegal,8930,45.4200690983443,2019
68,Saudi Arabia,1448,0.753553012969247,2019
69,São Tomé and Principe,4,4.07557317330333,2019
71,Samoa,9,3.34359713382711,2019
73,Saint Lucia,2,3.64124261901572,2019
74,Saint Kitts and Nevis,5,21.5356376122443,2019
75,Rwanda,214,8.46766756753435,2019
76,Russia,343389,20.2308316182817,2019
77,Romania,2927,12.3846972734447,2019
78,Qatar,184,16.6490539040732,2019
79,Portugal,763,8.39877522992602,2019
80,Poland,593,1.8899602576466,2019
81,Philippines,6186,21.3913456264511,2019
82,Peru,8231,6.3755510514103,2019
83,Paraguay,19003,47.5135107450358,2019
84,Papua New Guinea,2021,4.37162772284657,2019
85,Panama,2963,40.0758308277919,2019
87,Pakistan,6993,8.01230073899863,2019
88,Oman,1080,3.47049764418386,2019
89,Norway,107,0.276622084571426,2019
90,North Korea,1210,9.86724570177073,2019
91,Nigeria,40096,44.1665893489849,2019
92,Niger,473,0.400439781993142,2019
93,Nicaragua,5160,40.0777789931695,2019
94,New Zealand,563,2.10664994288961,2019
97,Netherlands,268,7.18931668498216,2019
100,Nepal,3885,26.4326989426035,2019
102,Namibia,2468,3.00043489336518,2019
103,Mozambique,55034,69.8307669225802,2019
104,Morocco,216,0.371294922429891,2019
106,Montenegro,327,23.8865701523623,2019
107,Mongolia,1031,0.658991810665613,2019
108,Moldova,453,13.6413890543251,2019
110,Mexico,81488,41.620577820948,2019
111,Mauritius,15,8.00485975468843,2019
112,Mauritania,196,0.189301778077919,2019
114,Mali,12152,9.68966689834091,2019
115,Maldives,11,166.366682956749,2019
116,Malaysia,3450,10.5762571624231,2019
117,Malawi,4123,34.5471947380692,2019
118,Madagascar,27896,47.0557504682089,2019
119,Macedonia,694,27.3223541113836,2019
120,Luxembourg,59,22.5134137131085,2019
121,Lithuania,124,1.91308840193411,2019
123,Libya,2881,1.77431107611884,2019
124,Liberia,13102,137.55075285765,2019
125,Lesotho,131,4.36796736791968,2019
126,Lebanon,23,2.29793063485444,2019
127,Latvia,96,1.48655665459438,2019
128,Laos,48077,210.648650837575,2019
129,Kyrgyzstan,419,2.10628645732279,2019
130,Kuwait,470,27.155454618098,2019
131,Kosovo,324,29.6442668738545,2019
133,Kenya,2976,5.02541492770498,2019
134,Kazakhstan,42059,15.4588365298232,2019
135,Jordan,34,0.382958755539525,2019
136,Japan,2045,5.52292769283257,2019
137,Jamaica,192,17.6178654758009,2019
138,Italy,3822,12.7063901856104,2019
139,Israel,106,4.7606938592348,2019
140,Palestine,69,10.9026529833623,2019
141,Ireland,59,0.8553024456756,2019
142,Iraq,31402,71.8198584368759,2019
143,Iran,15816,9.75178984129805,2019
144,Indonesia,20969,11.2499773624417,2019
145,India,57230,18.178354327079,2019
147,Hungary,413,4.43067653011987,2019
148,Honduras,9625,85.0954224010126,2019
149,Haiti,247,9.24264795077191,2019
150,Guyana,1521,7.20774655053663,2019
151,Guinea-Bissau,4532,141.929193741502,2019
152,Guinea,57807,236.972680588363,2019
153,Guatemala,8467,78.3242972725257,2019
154,Grenada,1,3.50987394862949,2019
155,Greece,631,4.84362700949659,2019
156,Ghana,24507,102.729502913668,2019
157,Germany,2180,6.09857020151463,2019
158,Georgia,413,5.94988733962333,2019
159,Gambia,600,58.3946794527012,2019
160,Gabon,1794,6.91329627583697,2019
161,France,2747,4.31874767944621,2019
166,French Polynesia,6,2.30285051827154,2019
167,New Caledonia,116,6.23122696648171,2019
170,Finland,94,0.28261197439316,2019
171,Fiji,55,2.99785877723485,2019
172,Ethiopia,36286,32.1942470331995,2019
173,Estonia,25,0.547071021316649,2019
174,Eritrea,263,2.13391273786816,2019
175,Equatorial Guinea,213,8.0301436532513,2019
176,El Salvador,1280,63.0067980078365,2019
177,Egypt,948,0.946316471842546,2019
178,Ecuador,800,3.14306385493778,2019
179,Dominican Republic,1258,25.9700972523814,2019
180,Dominica,5,7.19031533399115,2019
181,Djibouti,35,1.61895065797473,2019
182,Greenland,128,0.0589493990388831,2019
184,Denmark,50,1.17319453019527,2019
185,Czechia,168,2.13349748696089,2019
186,Northern Cyprus,6,1.72887606456446,2019
187,Cyprus,6,1.05126297373666,2019
188,Cuba,4016,36.8414386760421,2019
189,Croatia,460,8.43406406391443,2019
190,Ivory Coast,14520,45.2429914581167,2019
191,Costa Rica,1224,23.8580856563709,2019
192,Democratic Republic of the Congo,408291,175.650615190721,2019
193,Republic of the Congo,18079,52.352210547621,2019
194,Comoros,25,15.826237579273,2019
195,Colombia,24154,21.291174698884,2019
196,China,65268,6.9633737955457,2019
198,Hong Kong S.A.R.,2,1.9487183814384,2019
199,Chile,5378,7.29042634150414,2019
200,Chad,15229,12.0238263043402,2019
201,Central African Republic,81985,132.592423745296,2019
203,Canada,34578,3.48461189894185,2019
204,Cameroon,26625,57.3972979893532,2019
205,Cambodia,27646,153.019480062214,2019
206,Myanmar,57332,86.7384850908289,2019
207,Burundi,351,12.9582281251127,2019
208,Burkina Faso,3650,13.388237032464,2019
209,Bulgaria,1228,10.9046545908486,2019
210,Brunei,59,10.4476699889738,2019
211,Brazil,158045,18.6657122530941,2019
212,Botswana,4943,8.53511353385362,2019
213,Bosnia and Herzegovina,772,14.9065258839564,2019
214,Bolivia,37686,34.6815827603168,2019
215,Bhutan,124,3.11469439808472,2019
216,Benin,5967,51.3930854877546,2019
217,Belize,1937,85.3116305894833,2019
218,Belgium,490,15.9400110875799,2019
219,Belarus,2560,12.3337697184554,2019
220,Barbados,10,25.7839310247673,2019
221,Bangladesh,2637,19.4841442241584,2019
222,Bahrain,9,16.6532733759686,2019
223,The Bahamas,102,8.06998824731771,2019
224,Azerbaijan,1780,20.5778890815125,2019
225,Austria,404,4.80101912606247,2019
226,Australia,131073,17.0417584645133,2019
231,Armenia,168,5.67742401951284,2019
232,Argentina,21800,7.83476091157088,2019
234,Angola,287115,230.675443745447,2019
235,Andorra,1,2.25961079422972,2019
236,Algeria,6341,2.73402239913869,2019
237,Albania,338,11.9129169262794,2019
238,Afghanistan,119,0.185406447251519,2019
